"Recording_ID","Genus","Specific_epithet","Subspecies","English_name","Recordist","Country","Locality","Latitude","Longitude","Vocalization_type","Audio_file","License","Url","Quality","Time","Date","Altitude","Spectrogram_small","Spectrogram_med","Spectrogram_large","Spectrogram_full","Length","Uploaded","Other_species","Remarks","Bird_seen","Playback_used","Other_species1","Other_species2","Other_species3"
"497036","Phaethornis","longirostris","","Long-billed Hermit","Jerome Fischer","Panama","Achiote Road, Colón Province","9.2003","-79.9837","song","//www.xeno-canto.org/497036/download","//creativecommons.org/licenses/by-nc-sa/4.0/","//www.xeno-canto.org/497036","no score","09:30","2019-02-10","30","//www.xeno-canto.org/sounds/uploaded/JPBSNBUUEF/ffts/XC497036-small.png","//www.xeno-canto.org/sounds/uploaded/JPBSNBUUEF/ffts/XC497036-med.png","//www.xeno-canto.org/sounds/uploaded/JPBSNBUUEF/ffts/XC497036-large.png","//www.xeno-canto.org/sounds/uploaded/JPBSNBUUEF/ffts/XC497036-full.png","0:27","2019-09-13","","","yes","no",NA,NA,NA
"495384","Phaethornis","longirostris","cephalus","Long-billed Hermit","Guy Kirwan","Panama","Panama Rainforest Discovery Centre","9.1314","-79.7235","call","//www.xeno-canto.org/495384/download","//creativecommons.org/licenses/by-nc-sa/4.0/","//www.xeno-canto.org/495384","A","09:00","2019-07-04","70","//www.xeno-canto.org/sounds/uploaded/BZVYBRUAAE/ffts/XC495384-small.png","//www.xeno-canto.org/sounds/uploaded/BZVYBRUAAE/ffts/XC495384-med.png","//www.xeno-canto.org/sounds/uploaded/BZVYBRUAAE/ffts/XC495384-large.png","//www.xeno-canto.org/sounds/uploaded/BZVYBRUAAE/ffts/XC495384-full.png","0:49","2019-09-01","","Lek with up to three different individuals. Focal bird was perched 1.5 m above ground on a 45-degree angle twig.","yes","no",NA,NA,NA
"433645","Phaethornis","longirostris","","Long-billed Hermit","Oscar Campbell","Panama","Panama Rainforest Discovery Centre","9.1314","-79.7235","song","//www.xeno-canto.org/433645/download","//creativecommons.org/licenses/by-nc-sa/4.0/","//www.xeno-canto.org/433645","A","08:30","2018-07-10","70","//www.xeno-canto.org/sounds/uploaded/RFRTVEHIZX/ffts/XC433645-small.png","//www.xeno-canto.org/sounds/uploaded/RFRTVEHIZX/ffts/XC433645-med.png","//www.xeno-canto.org/sounds/uploaded/RFRTVEHIZX/ffts/XC433645-large.png","//www.xeno-canto.org/sounds/uploaded/RFRTVEHIZX/ffts/XC433645-full.png","0:58","2018-09-09","","Male seen on lek; 3 feet above ground in gap in undergrowth. Calling incessantly and quivering tail as doing so. Other lekking birds in immediate vicinity.","yes","no",NA,NA,NA
"402755","Phaethornis","longirostris","","Long-billed Hermit","Marilyn Castillo","Mexico","Boca de Chajul, Marqués de Comillas, Chiapas","16.1332","-90.9381","alarm call","//www.xeno-canto.org/402755/download","//creativecommons.org/licenses/by-nc-nd/4.0/","//www.xeno-canto.org/402755","A","07:30","2016-01-18","180","//www.xeno-canto.org/sounds/uploaded/CHRIDPJVMH/ffts/XC402755-small.png","//www.xeno-canto.org/sounds/uploaded/CHRIDPJVMH/ffts/XC402755-med.png","//www.xeno-canto.org/sounds/uploaded/CHRIDPJVMH/ffts/XC402755-large.png","//www.xeno-canto.org/sounds/uploaded/CHRIDPJVMH/ffts/XC402755-full.png","0:03","2018-02-14","","","yes","no",NA,NA,NA
"355350","Phaethornis","longirostris","","Long-billed Hermit","Kent Livezey","Panama","Torti, San Francisco Nature Reserve, Panama ","8.939","-78.465","song","//www.xeno-canto.org/355350/download","//creativecommons.org/licenses/by-nc-sa/4.0/","//www.xeno-canto.org/355350","A","09:12","2017-02-09","320","//www.xeno-canto.org/sounds/uploaded/SZFQBBYSTI/ffts/XC355350-small.png","//www.xeno-canto.org/sounds/uploaded/SZFQBBYSTI/ffts/XC355350-med.png","//www.xeno-canto.org/sounds/uploaded/SZFQBBYSTI/ffts/XC355350-large.png","//www.xeno-canto.org/sounds/uploaded/SZFQBBYSTI/ffts/XC355350-full.png","2:03","2017-02-11","Icterus chrysater","I was within 5 m of this singing hermit.","yes","no",NA,NA,NA
"282529","Phaethornis","longirostris","baroni","Long-billed Hermit","Karl S. Berg","Ecuador","Manabí: ""Tito Santos Biological Station""","-0.15","-80.2","song at lek","//www.xeno-canto.org/282529/download","//creativecommons.org/licenses/by-nc-sa/4.0/","//www.xeno-canto.org/282529","A","08:24","2002-05-28","50","//www.xeno-canto.org/sounds/uploaded/GTUEABVNSS/ffts/XC282529-small.png","//www.xeno-canto.org/sounds/uploaded/GTUEABVNSS/ffts/XC282529-med.png","//www.xeno-canto.org/sounds/uploaded/GTUEABVNSS/ffts/XC282529-large.png","//www.xeno-canto.org/sounds/uploaded/GTUEABVNSS/ffts/XC282529-full.png","0:20","2015-09-24","","<a href=http://johnvmoorenaturerecordings.com/pubs/ECUAD/main.htm>Moore et al. 2013: Bird Sounds of Ecuador DVD </a>","unknown","no",NA,NA,NA
"274377","Phaethornis","longirostris","","Long-billed Hermit","Peter Boesman","Costa Rica","La Selva biological station, Heredia","10.43","-84","song","//www.xeno-canto.org/274377/download","//creativecommons.org/licenses/by-nc-nd/4.0/","//www.xeno-canto.org/274377","A","08:20","2010-03-14","","//www.xeno-canto.org/sounds/uploaded/OOECIWCSWV/ffts/XC274377-small.png","//www.xeno-canto.org/sounds/uploaded/OOECIWCSWV/ffts/XC274377-med.png","//www.xeno-canto.org/sounds/uploaded/OOECIWCSWV/ffts/XC274377-large.png","//www.xeno-canto.org/sounds/uploaded/OOECIWCSWV/ffts/XC274377-full.png","0:47","2015-08-27","Henicorhina leucosticta","(Background: White-breasted Wood Wren)","unknown","unknown",NA,NA,NA
"271499","Phaethornis","longirostris","","Long-billed Hermit","Peter Boesman","Panama","Panama Rainforest discovery center","9.136797","-79.72363","song","//www.xeno-canto.org/271499/download","//creativecommons.org/licenses/by-nc-nd/4.0/","//www.xeno-canto.org/271499","A","14:00","2015-02-25","","//www.xeno-canto.org/sounds/uploaded/OOECIWCSWV/ffts/XC271499-small.png","//www.xeno-canto.org/sounds/uploaded/OOECIWCSWV/ffts/XC271499-med.png","//www.xeno-canto.org/sounds/uploaded/OOECIWCSWV/ffts/XC271499-large.png","//www.xeno-canto.org/sounds/uploaded/OOECIWCSWV/ffts/XC271499-full.png","0:36","2015-08-26","","","unknown","unknown",NA,NA,NA
"154138","Phaethornis","longirostris","","Long-billed Hermit","Marcelo Araya-Salas","Costa Rica","La Selva Biological Station, Sarapiqui, Heredia","10.430488","-84.00628","song","//www.xeno-canto.org/154138/download","//creativecommons.org/licenses/by-nc-sa/3.0/","//www.xeno-canto.org/154138","A","14:18","2010-05-21","","//www.xeno-canto.org/sounds/uploaded/EMCWQLLKEW/ffts/XC154138-small.png","//www.xeno-canto.org/sounds/uploaded/EMCWQLLKEW/ffts/XC154138-med.png","//www.xeno-canto.org/sounds/uploaded/EMCWQLLKEW/ffts/XC154138-large.png","//www.xeno-canto.org/sounds/uploaded/EMCWQLLKEW/ffts/XC154138-full.png","2:58","2013-11-11","","Recording equipment: Marantz Pmd 660+sennheiser ME67. Comments: individuo-AK; lek-Sura. Primera parte de grabacion CK. Luego de la pausa podria ser otro individuo. La otra percha marcada el 21/05 en la manana cerca de R14, a escasos 10 m al N. To access original .WAV file contact marceloa27(at)gmail.com","yes","no",NA,NA,NA
"154129","Phaethornis","longirostris","","Long-billed Hermit","Marcelo Araya-Salas","Costa Rica","La Selva Biological Station, Sarapiqui, Heredia","10.430488","-84.00628","song","//www.xeno-canto.org/154129/download","//creativecommons.org/licenses/by-nc-sa/3.0/","//www.xeno-canto.org/154129","A","10:09","2010-05-21","","//www.xeno-canto.org/sounds/uploaded/EMCWQLLKEW/ffts/XC154129-small.png","//www.xeno-canto.org/sounds/uploaded/EMCWQLLKEW/ffts/XC154129-med.png","//www.xeno-canto.org/sounds/uploaded/EMCWQLLKEW/ffts/XC154129-large.png","//www.xeno-canto.org/sounds/uploaded/EMCWQLLKEW/ffts/XC154129-full.png","2:25","2013-11-11","","Recording equipment: Marantz Pmd 660+sennheiser ME67. Comments: individuo-AK; lek-Sura. video 511, revisar. 9 metros de distancia. Percha de 2 m. al costado NO de casa 1. Interacccion agresiva. Un macho desplaza a otro. To access original .WAV file contact marceloa27(at)gmail.com","yes","no",NA,NA,NA
"154072","Phaethornis","longirostris","","Long-billed Hermit","Marcelo Araya-Salas","Costa Rica","La Selva Biological Station, Sarapiqui, Heredia","10.430488","-84.00628","song","//www.xeno-canto.org/154072/download","//creativecommons.org/licenses/by-nc-sa/3.0/","//www.xeno-canto.org/154072","A","7:05","2010-05-28","","//www.xeno-canto.org/sounds/uploaded/EMCWQLLKEW/ffts/XC154072-small.png","//www.xeno-canto.org/sounds/uploaded/EMCWQLLKEW/ffts/XC154072-med.png","//www.xeno-canto.org/sounds/uploaded/EMCWQLLKEW/ffts/XC154072-large.png","//www.xeno-canto.org/sounds/uploaded/EMCWQLLKEW/ffts/XC154072-full.png","3:09","2013-11-11","","Recording equipment: Marantz Pmd 660+sennheiser ME67. Comments: individuo-VA; lek-CCL. en percha ded VA, probablemente VA. Luego se observó bien VA y grabó en la misma percha. En percha 6VA.. To access original .WAV file contact marceloa27(at)gmail.com","yes","no",NA,NA,NA
"107762","Phaethornis","longirostris","","Long-billed Hermit","Klemens Steiof","Panama","Pipeline Road, Panama","9.1332","-79.7195","song","//www.xeno-canto.org/107762/download","//creativecommons.org/licenses/by-nc-nd/2.5/","//www.xeno-canto.org/107762","A","?","2012-02-19","70","//www.xeno-canto.org/sounds/uploaded/EMRFEGZSFE/ffts/XC107762-small.png","//www.xeno-canto.org/sounds/uploaded/EMRFEGZSFE/ffts/XC107762-med.png","//www.xeno-canto.org/sounds/uploaded/EMRFEGZSFE/ffts/XC107762-large.png","//www.xeno-canto.org/sounds/uploaded/EMRFEGZSFE/ffts/XC107762-full.png","0:24","2012-08-20","","","unknown","unknown",NA,NA,NA
"31906","Phaethornis","longirostris","","Long-billed Hermit","Andrew Spencer","Panama","Pipeline Road, Colon","9.1667","-79.7667","lekking","//www.xeno-canto.org/31906/download","//creativecommons.org/licenses/by-nc-nd/2.5/","//www.xeno-canto.org/31906","A","09:00","2009-03-19","50","//www.xeno-canto.org/sounds/uploaded/CDTGHVBGZP/ffts/XC31906-small.png","//www.xeno-canto.org/sounds/uploaded/CDTGHVBGZP/ffts/XC31906-med.png","//www.xeno-canto.org/sounds/uploaded/CDTGHVBGZP/ffts/XC31906-large.png","//www.xeno-canto.org/sounds/uploaded/CDTGHVBGZP/ffts/XC31906-full.png","0:05","2009-04-02","","","unknown","unknown",NA,NA,NA
"490055","Phaethornis","longirostris","","Long-billed Hermit","GABRIEL LEITE","Costa Rica","Puntarenas","8.5194","-83.4071","song","//www.xeno-canto.org/490055/download","//creativecommons.org/licenses/by-nc-sa/4.0/","//www.xeno-canto.org/490055","B","06:30","2019-07-26","260","//www.xeno-canto.org/sounds/uploaded/TGBFXDVERJ/ffts/XC490055-small.png","//www.xeno-canto.org/sounds/uploaded/TGBFXDVERJ/ffts/XC490055-med.png","//www.xeno-canto.org/sounds/uploaded/TGBFXDVERJ/ffts/XC490055-large.png","//www.xeno-canto.org/sounds/uploaded/TGBFXDVERJ/ffts/XC490055-full.png","0:32","2019-08-02","","","yes","no",NA,NA,NA
"490054","Phaethornis","longirostris","","Long-billed Hermit","GABRIEL LEITE","Costa Rica","Puntarenas","8.5194","-83.4071","song","//www.xeno-canto.org/490054/download","//creativecommons.org/licenses/by-nc-sa/4.0/","//www.xeno-canto.org/490054","B","06:30","2019-07-26","260","//www.xeno-canto.org/sounds/uploaded/TGBFXDVERJ/ffts/XC490054-small.png","//www.xeno-canto.org/sounds/uploaded/TGBFXDVERJ/ffts/XC490054-med.png","//www.xeno-canto.org/sounds/uploaded/TGBFXDVERJ/ffts/XC490054-large.png","//www.xeno-canto.org/sounds/uploaded/TGBFXDVERJ/ffts/XC490054-full.png","0:36","2019-08-02","","","yes","no",NA,NA,NA
"411247","Phaethornis","longirostris","","Long-billed Hermit","Oliver Komar","Honduras","Rio Santiago Nature Resort, Masica, Departamento de Atlántida","15.5909","-87.0633","song","//www.xeno-canto.org/411247/download","//creativecommons.org/licenses/by-nc-sa/4.0/","//www.xeno-canto.org/411247","B","08:30","2018-03-08","120","//www.xeno-canto.org/sounds/uploaded/XNQLEKWJLU/ffts/XC411247-small.png","//www.xeno-canto.org/sounds/uploaded/XNQLEKWJLU/ffts/XC411247-med.png","//www.xeno-canto.org/sounds/uploaded/XNQLEKWJLU/ffts/XC411247-large.png","//www.xeno-canto.org/sounds/uploaded/XNQLEKWJLU/ffts/XC411247-full.png","0:20","2018-04-18",NA,"Recorded at a lek. Photo of singing bird submitted to eBird.org.","yes","no","Claravis pretiosa","Pheugopedius maculipectus",NA
"402754","Phaethornis","longirostris","","Long-billed Hermit","Marilyn Castillo","Mexico","Marqués de Comillas, Chiapas","16.1696","-90.9035","flight call","//www.xeno-canto.org/402754/download","//creativecommons.org/licenses/by-nc-nd/4.0/","//www.xeno-canto.org/402754","B","07:00","2016-01-18","180","//www.xeno-canto.org/sounds/uploaded/CHRIDPJVMH/ffts/XC402754-small.png","//www.xeno-canto.org/sounds/uploaded/CHRIDPJVMH/ffts/XC402754-med.png","//www.xeno-canto.org/sounds/uploaded/CHRIDPJVMH/ffts/XC402754-large.png","//www.xeno-canto.org/sounds/uploaded/CHRIDPJVMH/ffts/XC402754-full.png","0:05","2018-02-14","","","yes","no",NA,NA,NA
"361039","Phaethornis","longirostris","","Long-billed Hermit","Kent Livezey","Panama","Pipeline Road, Soberania NP","9.1332","-79.7195","call","//www.xeno-canto.org/361039/download","//creativecommons.org/licenses/by-nc-sa/4.0/","//www.xeno-canto.org/361039","B","10:17","2017-03-23","70","//www.xeno-canto.org/sounds/uploaded/SZFQBBYSTI/ffts/XC361039-small.png","//www.xeno-canto.org/sounds/uploaded/SZFQBBYSTI/ffts/XC361039-med.png","//www.xeno-canto.org/sounds/uploaded/SZFQBBYSTI/ffts/XC361039-large.png","//www.xeno-canto.org/sounds/uploaded/SZFQBBYSTI/ffts/XC361039-full.png","0:04","2017-03-24","","Hermit zipped past, calling (0:00, 0:02, 0:04) as it went. This is a typical detection for this species in this area.","yes","no",NA,NA,NA
"308485","Phaethornis","longirostris","","Long-billed Hermit","Orlando Jarquín G.","Nicaragua","Reserva El Jaguar, Jinotega","13.237","-86.0546","song","//www.xeno-canto.org/308485/download","//creativecommons.org/licenses/by-nc-sa/4.0/","//www.xeno-canto.org/308485","B","07:30","2016-02-24","1300","//www.xeno-canto.org/sounds/uploaded/FJVXXGLFTR/ffts/XC308485-small.png","//www.xeno-canto.org/sounds/uploaded/FJVXXGLFTR/ffts/XC308485-med.png","//www.xeno-canto.org/sounds/uploaded/FJVXXGLFTR/ffts/XC308485-large.png","//www.xeno-canto.org/sounds/uploaded/FJVXXGLFTR/ffts/XC308485-full.png","0:19","2016-03-25",NA,"","yes","no","Psarocolius montezuma","Henicorhina leucosticta","Dives dives"
"308316","Phaethornis","longirostris","","Long-billed Hermit","Orlando Jarquín G.","Nicaragua","Estación Biológica UCA. Jinotega","13.166","-85.8629","song","//www.xeno-canto.org/308316/download","//creativecommons.org/licenses/by-nc-sa/4.0/","//www.xeno-canto.org/308316","B","05:30","2015-11-23","1200","//www.xeno-canto.org/sounds/uploaded/FJVXXGLFTR/ffts/XC308316-small.png","//www.xeno-canto.org/sounds/uploaded/FJVXXGLFTR/ffts/XC308316-med.png","//www.xeno-canto.org/sounds/uploaded/FJVXXGLFTR/ffts/XC308316-large.png","//www.xeno-canto.org/sounds/uploaded/FJVXXGLFTR/ffts/XC308316-full.png","0:17","2016-03-24","","Santa Maura","yes","no",NA,NA,NA
"308315","Phaethornis","longirostris","","Long-billed Hermit","Orlando Jarquín G.","Nicaragua","Estación Biológica UCA. Jinotega","13.166","-85.8629","flight call","//www.xeno-canto.org/308315/download","//creativecommons.org/licenses/by-nc-sa/4.0/","//www.xeno-canto.org/308315","B","11:00","2015-11-22","1200","//www.xeno-canto.org/sounds/uploaded/FJVXXGLFTR/ffts/XC308315-small.png","//www.xeno-canto.org/sounds/uploaded/FJVXXGLFTR/ffts/XC308315-med.png","//www.xeno-canto.org/sounds/uploaded/FJVXXGLFTR/ffts/XC308315-large.png","//www.xeno-canto.org/sounds/uploaded/FJVXXGLFTR/ffts/XC308315-full.png","0:07","2016-03-24","","Santa Maura","yes","no",NA,NA,NA
"302403","Phaethornis","longirostris","","Long-billed Hermit","Alfonso Auerbach","Honduras","Río Santiago Nature Resort, Masica, Atlántida","15.5958","-87.0617","call","//www.xeno-canto.org/302403/download","//creativecommons.org/licenses/by-nc-sa/4.0/","//www.xeno-canto.org/302403","B","13:00","2016-02-03","160","//www.xeno-canto.org/sounds/uploaded/PWYNTPIIKC/ffts/XC302403-small.png","//www.xeno-canto.org/sounds/uploaded/PWYNTPIIKC/ffts/XC302403-med.png","//www.xeno-canto.org/sounds/uploaded/PWYNTPIIKC/ffts/XC302403-large.png","//www.xeno-canto.org/sounds/uploaded/PWYNTPIIKC/ffts/XC302403-full.png","0:07","2016-02-06","","","yes","no",NA,NA,NA
"264458","Phaethornis","longirostris","baroni","Long-billed Hermit","Paul Coopmans","Ecuador","Loja: below Guaiquichuma","-3.8","-79.567","song at lek","//www.xeno-canto.org/264458/download","//creativecommons.org/licenses/by-nc-sa/4.0/","//www.xeno-canto.org/264458","B","?","1997-02-00","750","//www.xeno-canto.org/sounds/uploaded/XTVEPHMPPJ/ffts/XC264458-small.png","//www.xeno-canto.org/sounds/uploaded/XTVEPHMPPJ/ffts/XC264458-med.png","//www.xeno-canto.org/sounds/uploaded/XTVEPHMPPJ/ffts/XC264458-large.png","//www.xeno-canto.org/sounds/uploaded/XTVEPHMPPJ/ffts/XC264458-full.png","0:15","2015-07-30","Saltator striatipectus","<a href=""http://johnvmoorenaturerecordings.com/pubs/ECUAD/main.htm"">Moore et al. 2013: Bird Sounds of Ecuador DVD</a>.","unknown","no",NA,NA,NA
"238796","Phaethornis","longirostris","baroni","Long-billed Hermit","Niels Krabbe","Ecuador","Manabí: Río Ayampe","-1.673","-80.786","calls","//www.xeno-canto.org/238796/download","//creativecommons.org/licenses/by-nc-sa/3.0/","//www.xeno-canto.org/238796","B","6:52","1991-12-31","50","//www.xeno-canto.org/sounds/uploaded/XTVEPHMPPJ/ffts/XC238796-small.png","//www.xeno-canto.org/sounds/uploaded/XTVEPHMPPJ/ffts/XC238796-med.png","//www.xeno-canto.org/sounds/uploaded/XTVEPHMPPJ/ffts/XC238796-large.png","//www.xeno-canto.org/sounds/uploaded/XTVEPHMPPJ/ffts/XC238796-full.png","0:03","2015-05-01","","Dry forest. Reference: XLIIB 30-31 (Phabar3). Krabbe & Nilsson (2003) (ISBN 90-75838-06-9).","yes","no",NA,NA,NA
"227581","Phaethornis","longirostris","","Long-billed Hermit","Peter Boesman","Mexico","Bonampak, Chiapas","16.7","-91.0833333333","song","//www.xeno-canto.org/227581/download","//creativecommons.org/licenses/by-nc-nd/4.0/","//www.xeno-canto.org/227581","B","07:00","2003-04-10","","//www.xeno-canto.org/sounds/uploaded/OOECIWCSWV/ffts/XC227581-small.png","//www.xeno-canto.org/sounds/uploaded/OOECIWCSWV/ffts/XC227581-med.png","//www.xeno-canto.org/sounds/uploaded/OOECIWCSWV/ffts/XC227581-large.png","//www.xeno-canto.org/sounds/uploaded/OOECIWCSWV/ffts/XC227581-full.png","0:11","2015-03-23","","ID certainty 100%. (Archiv. tape 163 side B track 14 seq. C)","unknown","unknown",NA,NA,NA
"227580","Phaethornis","longirostris","","Long-billed Hermit","Peter Boesman","Mexico","Bonampak, Chiapas","16.7","-91.0833333333","call","//www.xeno-canto.org/227580/download","//creativecommons.org/licenses/by-nc-nd/4.0/","//www.xeno-canto.org/227580","B","07:30","2003-04-09","","//www.xeno-canto.org/sounds/uploaded/OOECIWCSWV/ffts/XC227580-small.png","//www.xeno-canto.org/sounds/uploaded/OOECIWCSWV/ffts/XC227580-med.png","//www.xeno-canto.org/sounds/uploaded/OOECIWCSWV/ffts/XC227580-large.png","//www.xeno-canto.org/sounds/uploaded/OOECIWCSWV/ffts/XC227580-full.png","0:11","2015-03-23","","ID certainty 100%. (Archiv. tape 162 side B track 42 seq. B)","unknown","unknown",NA,NA,NA
"227579","Phaethornis","longirostris","","Long-billed Hermit","Peter Boesman","Mexico","Bonampak, Chiapas","16.7","-91.0833333333","song","//www.xeno-canto.org/227579/download","//creativecommons.org/licenses/by-nc-nd/4.0/","//www.xeno-canto.org/227579","B","07:30","2003-04-09","","//www.xeno-canto.org/sounds/uploaded/OOECIWCSWV/ffts/XC227579-small.png","//www.xeno-canto.org/sounds/uploaded/OOECIWCSWV/ffts/XC227579-med.png","//www.xeno-canto.org/sounds/uploaded/OOECIWCSWV/ffts/XC227579-large.png","//www.xeno-canto.org/sounds/uploaded/OOECIWCSWV/ffts/XC227579-full.png","0:20","2015-03-23","","ID certainty 100%. (Archiv. tape 162 side B track 42 seq. A)","unknown","unknown",NA,NA,NA
"227578","Phaethornis","longirostris","","Long-billed Hermit","Peter Boesman","Mexico","Bonampak, Chiapas","16.7","-91.0833333333","song","//www.xeno-canto.org/227578/download","//creativecommons.org/licenses/by-nc-nd/4.0/","//www.xeno-canto.org/227578","B","07:15","2003-04-09","","//www.xeno-canto.org/sounds/uploaded/OOECIWCSWV/ffts/XC227578-small.png","//www.xeno-canto.org/sounds/uploaded/OOECIWCSWV/ffts/XC227578-med.png","//www.xeno-canto.org/sounds/uploaded/OOECIWCSWV/ffts/XC227578-large.png","//www.xeno-canto.org/sounds/uploaded/OOECIWCSWV/ffts/XC227578-full.png","0:18","2015-03-23","","ID certainty 100%. (Archiv. tape 162 side B track 39 seq. A)","unknown","unknown",NA,NA,NA
"227577","Phaethornis","longirostris","","Long-billed Hermit","Peter Boesman","Costa Rica","La Selva CR, Heredia","10.3333333333","-84","song","//www.xeno-canto.org/227577/download","//creativecommons.org/licenses/by-nc-nd/4.0/","//www.xeno-canto.org/227577","B","08:00","1991-12-25","0 - 200","//www.xeno-canto.org/sounds/uploaded/OOECIWCSWV/ffts/XC227577-small.png","//www.xeno-canto.org/sounds/uploaded/OOECIWCSWV/ffts/XC227577-med.png","//www.xeno-canto.org/sounds/uploaded/OOECIWCSWV/ffts/XC227577-large.png","//www.xeno-canto.org/sounds/uploaded/OOECIWCSWV/ffts/XC227577-full.png","0:21","2015-03-23","","ID certainty 100%. (Archiv. tape 21 side A track 53 seq. A)","unknown","unknown",NA,NA,NA
"166002","Phaethornis","longirostris","","Long-billed Hermit","Mike Nelson","Costa Rica","Carara National Park, Puntarenas Province","9.7751","-84.6167","song","//www.xeno-canto.org/166002/download","//creativecommons.org/licenses/by-nc-sa/3.0/","//www.xeno-canto.org/166002","B","09:30","2014-01-19","20","//www.xeno-canto.org/sounds/uploaded/PWDLINYMKL/ffts/XC166002-small.png","//www.xeno-canto.org/sounds/uploaded/PWDLINYMKL/ffts/XC166002-med.png","//www.xeno-canto.org/sounds/uploaded/PWDLINYMKL/ffts/XC166002-large.png","//www.xeno-canto.org/sounds/uploaded/PWDLINYMKL/ffts/XC166002-full.png","2:16","2014-02-05","","","yes","no",NA,NA,NA
"164769","Phaethornis","longirostris","","Long-billed Hermit","James Bradley","Panama","Torti, San Francisco Nature Reserve, Panama ","8.939","-78.465","call","//www.xeno-canto.org/164769/download","//creativecommons.org/licenses/by-nc-sa/3.0/","//www.xeno-canto.org/164769","B","10:00","2008-03-09","320","//www.xeno-canto.org/sounds/uploaded/ITRQTFVLNT/ffts/XC164769-small.png","//www.xeno-canto.org/sounds/uploaded/ITRQTFVLNT/ffts/XC164769-med.png","//www.xeno-canto.org/sounds/uploaded/ITRQTFVLNT/ffts/XC164769-large.png","//www.xeno-canto.org/sounds/uploaded/ITRQTFVLNT/ffts/XC164769-full.png","0:44","2014-01-16","","Calling from low down in thick roadside understory.","yes","no",NA,NA,NA
"154164","Phaethornis","longirostris","","Long-billed Hermit","Marcelo Araya-Salas","Costa Rica","La Selva Biological Station, Sarapiqui, Heredia","10.430488","-84.00628","song","//www.xeno-canto.org/154164/download","//creativecommons.org/licenses/by-nc-sa/3.0/","//www.xeno-canto.org/154164","B","8:05","2010-07-13","","//www.xeno-canto.org/sounds/uploaded/EMCWQLLKEW/ffts/XC154164-small.png","//www.xeno-canto.org/sounds/uploaded/EMCWQLLKEW/ffts/XC154164-med.png","//www.xeno-canto.org/sounds/uploaded/EMCWQLLKEW/ffts/XC154164-large.png","//www.xeno-canto.org/sounds/uploaded/EMCWQLLKEW/ffts/XC154164-full.png","2:32","2013-11-11","","Recording equipment: Marantz Pmd 660+sennheiser ME67. Comments: Individuo 3. Lek LOC 2010. A 1,5m de altura, sobre ramas de arbol caido. Alternancia de cantos con Individuo 1. Dia nublado. Individuo al lado del claro. Grabado a 5 m.Coordenadas no exactas.. To access original .WAV file contact marceloa27(at)gmail.com","yes","no",NA,NA,NA
"154163","Phaethornis","longirostris","","Long-billed Hermit","Marcelo Araya-Salas","Costa Rica","La Selva Biological Station, Sarapiqui, Heredia","10.430488","-84.00628","song","//www.xeno-canto.org/154163/download","//creativecommons.org/licenses/by-nc-sa/3.0/","//www.xeno-canto.org/154163","B","7:44","2010-07-13","","//www.xeno-canto.org/sounds/uploaded/EMCWQLLKEW/ffts/XC154163-small.png","//www.xeno-canto.org/sounds/uploaded/EMCWQLLKEW/ffts/XC154163-med.png","//www.xeno-canto.org/sounds/uploaded/EMCWQLLKEW/ffts/XC154163-large.png","//www.xeno-canto.org/sounds/uploaded/EMCWQLLKEW/ffts/XC154163-full.png","3:18","2013-11-11","","Recording equipment: Marantz Pmd 660+sennheiser ME67. Comments: Individuo 2 Lek LOC 2010. Observado. Perchado a 2,5m. Interrrumpio tanda de canto para perseguir a otro Phaethornis. Alternancia de cantos probablemente con individuo 1. Ver mapa. Coordenadas no exactas.. To access original .WAV file contact marceloa27(at)gmail.com","yes","no",NA,NA,NA
"154162","Phaethornis","longirostris","","Long-billed Hermit","Marcelo Araya-Salas","Costa Rica","La Selva Biological Station, Sarapiqui, Heredia","10.430488","-84.00628","song","//www.xeno-canto.org/154162/download","//creativecommons.org/licenses/by-nc-sa/3.0/","//www.xeno-canto.org/154162","B","7:37","2010-07-13","","//www.xeno-canto.org/sounds/uploaded/EMCWQLLKEW/ffts/XC154162-small.png","//www.xeno-canto.org/sounds/uploaded/EMCWQLLKEW/ffts/XC154162-med.png","//www.xeno-canto.org/sounds/uploaded/EMCWQLLKEW/ffts/XC154162-large.png","//www.xeno-canto.org/sounds/uploaded/EMCWQLLKEW/ffts/XC154162-full.png","7:01","2013-11-11","","Recording equipment: Marantz Pmd 660+sennheiser ME67. Comments: Individuo 1 Lek LOC 2010, cercano a ceibo en inicio de parcela TEAM, bastante acitvidad en Lek despues del desayuno. Sotobosque medianamente denso con arboles caidos. Claro hacia el centro del lek. 3 interacciones en 1 hora, probablemente juveniles consolidando territorio. Interaccion agresiva al final de la grabacion. ver mapa. Alternancia de cantos. Coordenadas no exactas.. To access original .WAV file contact marceloa27(at)gmail.com","yes","no",NA,NA,NA
"154160","Phaethornis","longirostris","","Long-billed Hermit","Marcelo Araya-Salas","Costa Rica","La Selva Biological Station, Sarapiqui, Heredia","10.430488","-84.00628","song","//www.xeno-canto.org/154160/download","//creativecommons.org/licenses/by-nc-sa/3.0/","//www.xeno-canto.org/154160","B","9:10","2010-07-13","","//www.xeno-canto.org/sounds/uploaded/EMCWQLLKEW/ffts/XC154160-small.png","//www.xeno-canto.org/sounds/uploaded/EMCWQLLKEW/ffts/XC154160-med.png","//www.xeno-canto.org/sounds/uploaded/EMCWQLLKEW/ffts/XC154160-large.png","//www.xeno-canto.org/sounds/uploaded/EMCWQLLKEW/ffts/XC154160-full.png","3:15","2013-11-11","","Recording equipment: Marantz Pmd 660+sennheiser ME67. Comments: individuo solitario, 3 perchas separadas por 15-20m. Sotobosque abierto con palmas a la orilla del rio. Con menor densidad que en otros leks. Poste 2100-600. Grabado a 6 m. Perchado a 2m., Sendero Jaguar 800, La Selva . To access original .WAV file contact marceloa27(at)gmail.com","yes","no",NA,NA,NA
"154159","Phaethornis","longirostris","","Long-billed Hermit","Marcelo Araya-Salas","Costa Rica","La Selva Biological Station, Sarapiqui, Heredia","10.430488","-84.00628","song","//www.xeno-canto.org/154159/download","//creativecommons.org/licenses/by-nc-sa/3.0/","//www.xeno-canto.org/154159","B","9:54","2010-06-19","","//www.xeno-canto.org/sounds/uploaded/EMCWQLLKEW/ffts/XC154159-small.png","//www.xeno-canto.org/sounds/uploaded/EMCWQLLKEW/ffts/XC154159-med.png","//www.xeno-canto.org/sounds/uploaded/EMCWQLLKEW/ffts/XC154159-large.png","//www.xeno-canto.org/sounds/uploaded/EMCWQLLKEW/ffts/XC154159-full.png","3:54","2013-11-11","","Recording equipment: Marantz Pmd 660+sennheirser ME62-Parabola Telinga Pro 2. Comments: Indiivduo 5. En la misma percha. (lek CC 2010) a 1.2 m de altura. Grabado a 4m. Hay un claro grande al lado de este lek, cruzando el rio, con  muchas heliconias que podrian ser fuente importante para estos colibries. Claro de 20x25m, no se escucharon indivs por ahi.. To access original .WAV file contact marceloa27(at)gmail.com","yes","no",NA,NA,NA
"154156","Phaethornis","longirostris","","Long-billed Hermit","Marcelo Araya-Salas","Costa Rica","La Selva Biological Station, Sarapiqui, Heredia","10.430488","-84.00628","song","//www.xeno-canto.org/154156/download","//creativecommons.org/licenses/by-nc-sa/3.0/","//www.xeno-canto.org/154156","B","9:33","2010-06-19","","//www.xeno-canto.org/sounds/uploaded/EMCWQLLKEW/ffts/XC154156-small.png","//www.xeno-canto.org/sounds/uploaded/EMCWQLLKEW/ffts/XC154156-med.png","//www.xeno-canto.org/sounds/uploaded/EMCWQLLKEW/ffts/XC154156-large.png","//www.xeno-canto.org/sounds/uploaded/EMCWQLLKEW/ffts/XC154156-full.png","2:41","2013-11-11","","Recording equipment: Marantz Pmd 660+sennheirser ME62-Parabola Telinga Pro 2. Comments: Individuo 5 (lek CC, 2010). Observado a 1 m de altura en zona densa de vegetacion con arbol caido sobre piedra. Junto al territorio del 4 indiv. Poca actividad en el lek. El lek parece haberse movido en la direccion contraria al sendero. Mayor densiad de vegetacion en el lek producto de la caida de arboles. Grabado a 5 m de distancia.. To access original .WAV file contact marceloa27(at)gmail.com","yes","no",NA,NA,NA
"154155","Phaethornis","longirostris","","Long-billed Hermit","Marcelo Araya-Salas","Costa Rica","La Selva Biological Station, Sarapiqui, Heredia","10.430488","-84.00628","song","//www.xeno-canto.org/154155/download","//creativecommons.org/licenses/by-nc-sa/3.0/","//www.xeno-canto.org/154155","B","9:02","2010-06-19","","//www.xeno-canto.org/sounds/uploaded/EMCWQLLKEW/ffts/XC154155-small.png","//www.xeno-canto.org/sounds/uploaded/EMCWQLLKEW/ffts/XC154155-med.png","//www.xeno-canto.org/sounds/uploaded/EMCWQLLKEW/ffts/XC154155-large.png","//www.xeno-canto.org/sounds/uploaded/EMCWQLLKEW/ffts/XC154155-full.png","11:22","2013-11-11","","Recording equipment: Marantz Pmd 660+sennheirser ME62-Parabola Telinga Pro 2. Comments: Individuo 4 (lek CC, 2010). Perchado a 2.5m, grabado a 8m. Al principio de grabacion es un indiv q estuvo perchado a 4m de donde se grabo la 2 parte de la grabacion. pArece ser el mismo territorio,aunque no testoy 100% seguro. Baja actividad. Poca alternancia de cantos. A 10 m del 3 individuo siguiendo al lado del riachuelo en direccion opuesta al sendero. Menos empinado mas palmas en sotobosque y menos denso con plantulas y hojas secas.. To access original .WAV file contact marceloa27(at)gmail.com","yes","no",NA,NA,NA
"154151","Phaethornis","longirostris","","Long-billed Hermit","Marcelo Araya-Salas","Costa Rica","La Selva Biological Station, Sarapiqui, Heredia","10.430488","-84.00628","song","//www.xeno-canto.org/154151/download","//creativecommons.org/licenses/by-nc-sa/3.0/","//www.xeno-canto.org/154151","B","8:23","2010-06-19","","//www.xeno-canto.org/sounds/uploaded/EMCWQLLKEW/ffts/XC154151-small.png","//www.xeno-canto.org/sounds/uploaded/EMCWQLLKEW/ffts/XC154151-med.png","//www.xeno-canto.org/sounds/uploaded/EMCWQLLKEW/ffts/XC154151-large.png","//www.xeno-canto.org/sounds/uploaded/EMCWQLLKEW/ffts/XC154151-full.png","6:25","2013-11-11","","Recording equipment: Marantz Pmd 660+sennheirser ME62-Parabola Telinga Pro 2. Comments: Individuo 3 (lek CC, 2010). Dia nublado con lluvias intermitentes. Percado a 4m. Grabado a 7m. Sobre el riacuelo que desemboca en el codo del rio. Alternancia de cantos con vecino.. To access original .WAV file contact marceloa27(at)gmail.com","yes","no",NA,NA,NA
"154150","Phaethornis","longirostris","","Long-billed Hermit","Marcelo Araya-Salas","Costa Rica","La Selva Biological Station, Sarapiqui, Heredia","10.430488","-84.00628","song","//www.xeno-canto.org/154150/download","//creativecommons.org/licenses/by-nc-sa/3.0/","//www.xeno-canto.org/154150","B","8:08","2010-06-19","","//www.xeno-canto.org/sounds/uploaded/EMCWQLLKEW/ffts/XC154150-small.png","//www.xeno-canto.org/sounds/uploaded/EMCWQLLKEW/ffts/XC154150-med.png","//www.xeno-canto.org/sounds/uploaded/EMCWQLLKEW/ffts/XC154150-large.png","//www.xeno-canto.org/sounds/uploaded/EMCWQLLKEW/ffts/XC154150-full.png","3:02","2013-11-11","","Recording equipment: Marantz Pmd 660+sennheirser ME62-Parabola Telinga Pro 2. Comments: Individuo 2 (lek CC, 2010). Grabado a 2 y 5 m de distancia.  Ver mapa. Dia nublado con lloviznas intermitentes en la mañana. Pocas persecusiones. Cantando a 2 y 3 m de altura. 5 m entre ambas perchas.. To access original .WAV file contact marceloa27(at)gmail.com","yes","no",NA,NA,NA
"154149","Phaethornis","longirostris","","Long-billed Hermit","Marcelo Araya-Salas","Costa Rica","La Selva Biological Station, Sarapiqui, Heredia","10.430488","-84.00628","song","//www.xeno-canto.org/154149/download","//creativecommons.org/licenses/by-nc-sa/3.0/","//www.xeno-canto.org/154149","B","7:44","2010-06-19","","//www.xeno-canto.org/sounds/uploaded/EMCWQLLKEW/ffts/XC154149-small.png","//www.xeno-canto.org/sounds/uploaded/EMCWQLLKEW/ffts/XC154149-med.png","//www.xeno-canto.org/sounds/uploaded/EMCWQLLKEW/ffts/XC154149-large.png","//www.xeno-canto.org/sounds/uploaded/EMCWQLLKEW/ffts/XC154149-full.png","3:50","2013-11-11","","Recording equipment: Marantz Pmd 660+sennheirser ME62-Parabola Telinga Pro 2. Comments: Individuo 1 (lek CC, 2010). Indv. Grabado al otro lado del rio, No lo observe. Perchado a 2 m de altura, vegetacion densa, baja actividad. Dia nublado con lloviznas intermitentes. To access original .WAV file contact marceloa27(at)gmail.com","yes","no",NA,NA,NA
"154144","Phaethornis","longirostris","","Long-billed Hermit","Marcelo Araya-Salas","Costa Rica","La Selva Biological Station, Sarapiqui, Heredia","10.430488","-84.00628","song","//www.xeno-canto.org/154144/download","//creativecommons.org/licenses/by-nc-sa/3.0/","//www.xeno-canto.org/154144","B","2:52","2010-05-21","","//www.xeno-canto.org/sounds/uploaded/EMCWQLLKEW/ffts/XC154144-small.png","//www.xeno-canto.org/sounds/uploaded/EMCWQLLKEW/ffts/XC154144-med.png","//www.xeno-canto.org/sounds/uploaded/EMCWQLLKEW/ffts/XC154144-large.png","//www.xeno-canto.org/sounds/uploaded/EMCWQLLKEW/ffts/XC154144-full.png","4:24","2013-11-11","","Recording equipment: Marantz Pmd 660+sennheiser ME67. Comments: individuo-RV; lek-Sura. percha a 2 m. 5 m de distancia. Territorio hacia el N del poste 700-600. Percha es ""21-05 m de altura, indiv no identificado, 7:36 am"". Dia soleado, nublado a ratos. To access original .WAV file contact marceloa27(at)gmail.com","yes","no",NA,NA,NA
"154143","Phaethornis","longirostris","","Long-billed Hermit","Marcelo Araya-Salas","Costa Rica","La Selva Biological Station, Sarapiqui, Heredia","10.430488","-84.00628","song","//www.xeno-canto.org/154143/download","//creativecommons.org/licenses/by-nc-sa/3.0/","//www.xeno-canto.org/154143","B","14:34","2010-05-21","","//www.xeno-canto.org/sounds/uploaded/EMCWQLLKEW/ffts/XC154143-small.png","//www.xeno-canto.org/sounds/uploaded/EMCWQLLKEW/ffts/XC154143-med.png","//www.xeno-canto.org/sounds/uploaded/EMCWQLLKEW/ffts/XC154143-large.png","//www.xeno-canto.org/sounds/uploaded/EMCWQLLKEW/ffts/XC154143-full.png","2:47","2013-11-11","","Recording equipment: Marantz Pmd 660+sennheiser ME67. Comments: individuo-CK; lek-Sura. persecucion. Percha a 10 m oeste de red 14. el canto luego de la pausa fue a un macho q estaba a 30 cm frente a el, luego lo persiguio. To access original .WAV file contact marceloa27(at)gmail.com","yes","no",NA,NA,NA
"154139","Phaethornis","longirostris","","Long-billed Hermit","Marcelo Araya-Salas","Costa Rica","La Selva Biological Station, Sarapiqui, Heredia","10.430488","-84.00628","song","//www.xeno-canto.org/154139/download","//creativecommons.org/licenses/by-nc-sa/3.0/","//www.xeno-canto.org/154139","B","14:22","2010-05-21","150","//www.xeno-canto.org/sounds/uploaded/EMCWQLLKEW/ffts/XC154139-small.png","//www.xeno-canto.org/sounds/uploaded/EMCWQLLKEW/ffts/XC154139-med.png","//www.xeno-canto.org/sounds/uploaded/EMCWQLLKEW/ffts/XC154139-large.png","//www.xeno-canto.org/sounds/uploaded/EMCWQLLKEW/ffts/XC154139-full.png","2:56","2013-11-11","","Recording equipment: Marantz Pmd 660+sennheiser ME67. Comments: individuo-AZ; lek-Sura. Percha dentro de matorral. 100% confianza. Perchado a 2.5 m. percha cerca de red 14 en tronco bajo red 14, 16 m al oeste.. To access original .WAV file contact marceloa27(at)gmail.com","yes","no",NA,NA,NA
"154134","Phaethornis","longirostris","","Long-billed Hermit","Marcelo Araya-Salas","Costa Rica","La Selva Biological Station, Sarapiqui, Heredia","10.430488","-84.00628","song","//www.xeno-canto.org/154134/download","//creativecommons.org/licenses/by-nc-sa/3.0/","//www.xeno-canto.org/154134","B","12:29","2010-05-21","","//www.xeno-canto.org/sounds/uploaded/EMCWQLLKEW/ffts/XC154134-small.png","//www.xeno-canto.org/sounds/uploaded/EMCWQLLKEW/ffts/XC154134-med.png","//www.xeno-canto.org/sounds/uploaded/EMCWQLLKEW/ffts/XC154134-large.png","//www.xeno-canto.org/sounds/uploaded/EMCWQLLKEW/ffts/XC154134-full.png","3:26","2013-11-11","","Recording equipment: Marantz Pmd 660+sennheiser ME67. Comments: individuo-AK; lek-Sura. mismo sitio e individuo que PHAE0013. Percha a 1 maltura. To access original .WAV file contact marceloa27(at)gmail.com","yes","no",NA,NA,NA
"154128","Phaethornis","longirostris","","Long-billed Hermit","Marcelo Araya-Salas","Costa Rica","La Selva Biological Station, Sarapiqui, Heredia","10.430488","-84.00628","song","//www.xeno-canto.org/154128/download","//creativecommons.org/licenses/by-nc-sa/3.0/","//www.xeno-canto.org/154128","B","7:21","2010-05-21","","//www.xeno-canto.org/sounds/uploaded/EMCWQLLKEW/ffts/XC154128-small.png","//www.xeno-canto.org/sounds/uploaded/EMCWQLLKEW/ffts/XC154128-med.png","//www.xeno-canto.org/sounds/uploaded/EMCWQLLKEW/ffts/XC154128-large.png","//www.xeno-canto.org/sounds/uploaded/EMCWQLLKEW/ffts/XC154128-full.png","4:47","2013-11-11","","Recording equipment: Marantz Pmd 660+sennheiser ME67. Comments: individuo-VAR; lek-Sura. 100% confianza de ident. En percha ""VAR 3m altura 9:45, 15-05"". To access original .WAV file contact marceloa27(at)gmail.com","yes","no",NA,NA,NA
"154124","Phaethornis","longirostris","","Long-billed Hermit","Marcelo Araya-Salas","Costa Rica","La Selva Biological Station, Sarapiqui, Heredia","10.430488","-84.00628","song","//www.xeno-canto.org/154124/download","//creativecommons.org/licenses/by-nc-sa/3.0/","//www.xeno-canto.org/154124","B","7:02","2010-05-21","","//www.xeno-canto.org/sounds/uploaded/EMCWQLLKEW/ffts/XC154124-small.png","//www.xeno-canto.org/sounds/uploaded/EMCWQLLKEW/ffts/XC154124-med.png","//www.xeno-canto.org/sounds/uploaded/EMCWQLLKEW/ffts/XC154124-large.png","//www.xeno-canto.org/sounds/uploaded/EMCWQLLKEW/ffts/XC154124-full.png","3:03","2013-11-11","","Recording equipment: Marantz Pmd 660+sennheiser ME67. Comments: individuo-No identificado; lek-Sura. interaccion aggresiva. Macho territorial. No identificado. To access original .WAV file contact marceloa27(at)gmail.com","yes","no",NA,NA,NA
"154123","Phaethornis","longirostris","","Long-billed Hermit","Marcelo Araya-Salas","Costa Rica","La Selva Biological Station, Sarapiqui, Heredia","10.430488","-84.00628","song","//www.xeno-canto.org/154123/download","//creativecommons.org/licenses/by-nc-sa/3.0/","//www.xeno-canto.org/154123","B","6:49","2010-05-21","","//www.xeno-canto.org/sounds/uploaded/EMCWQLLKEW/ffts/XC154123-small.png","//www.xeno-canto.org/sounds/uploaded/EMCWQLLKEW/ffts/XC154123-med.png","//www.xeno-canto.org/sounds/uploaded/EMCWQLLKEW/ffts/XC154123-large.png","//www.xeno-canto.org/sounds/uploaded/EMCWQLLKEW/ffts/XC154123-full.png","0:52","2013-11-11","","Recording equipment: Marantz Pmd 660+sennheiser ME67. Comments: individuo-CV; lek-Sura. en territorio de CV. 90% de confianza. To access original .WAV file contact marceloa27(at)gmail.com","yes","no",NA,NA,NA
"154122","Phaethornis","longirostris","","Long-billed Hermit","Marcelo Araya-Salas","Costa Rica","La Selva Biological Station, Sarapiqui, Heredia","10.430488","-84.00628","song","//www.xeno-canto.org/154122/download","//creativecommons.org/licenses/by-nc-sa/3.0/","//www.xeno-canto.org/154122","B","6:50","2010-05-21","","//www.xeno-canto.org/sounds/uploaded/EMCWQLLKEW/ffts/XC154122-small.png","//www.xeno-canto.org/sounds/uploaded/EMCWQLLKEW/ffts/XC154122-med.png","//www.xeno-canto.org/sounds/uploaded/EMCWQLLKEW/ffts/XC154122-large.png","//www.xeno-canto.org/sounds/uploaded/EMCWQLLKEW/ffts/XC154122-full.png","3:01","2013-11-11","","Recording equipment: Marantz Pmd 660+sennheiser ME67. Comments: individuo-CV; lek-Sura. id al 70% muy posiblemente CV. EN territorio de CV, mejor usar PHAE0002/ perchado a 1 m. cerca de arbol caido detras casa 3.. To access original .WAV file contact marceloa27(at)gmail.com","yes","no",NA,NA,NA
"154116","Phaethornis","longirostris","","Long-billed Hermit","Marcelo Araya-Salas","Costa Rica","La Selva Biological Station, Sarapiqui, Heredia","10.430488","-84.00628","song","//www.xeno-canto.org/154116/download","//creativecommons.org/licenses/by-nc-sa/3.0/","//www.xeno-canto.org/154116","B","6:33","2010-05-21","","//www.xeno-canto.org/sounds/uploaded/EMCWQLLKEW/ffts/XC154116-small.png","//www.xeno-canto.org/sounds/uploaded/EMCWQLLKEW/ffts/XC154116-med.png","//www.xeno-canto.org/sounds/uploaded/EMCWQLLKEW/ffts/XC154116-large.png","//www.xeno-canto.org/sounds/uploaded/EMCWQLLKEW/ffts/XC154116-full.png","1:31","2013-11-11","","Recording equipment: Marantz Pmd 660+sennheiser ME67. Comments: individuo-CV; lek-Sura. perchado a 6 m de altura, en arbol caido al lado de casa 3. en su teritorio, tambien en observado en otra percha dentro de su territorio. Dia despejado soleado. To access original .WAV file contact marceloa27(at)gmail.com","yes","no",NA,NA,NA
"154115","Phaethornis","longirostris","","Long-billed Hermit","Marcelo Araya-Salas","Costa Rica","La Selva Biological Station, Sarapiqui, Heredia","10.430488","-84.00628","song","//www.xeno-canto.org/154115/download","//creativecommons.org/licenses/by-nc-sa/3.0/","//www.xeno-canto.org/154115","B","6:28","2010-05-21","","//www.xeno-canto.org/sounds/uploaded/EMCWQLLKEW/ffts/XC154115-small.png","//www.xeno-canto.org/sounds/uploaded/EMCWQLLKEW/ffts/XC154115-med.png","//www.xeno-canto.org/sounds/uploaded/EMCWQLLKEW/ffts/XC154115-large.png","//www.xeno-canto.org/sounds/uploaded/EMCWQLLKEW/ffts/XC154115-full.png","3:40","2013-11-11","","Recording equipment: Marantz Pmd 660+sennheiser ME67. Comments: individuo-No identificado; lek-Sura. probablemente CV. En el territorio de este. Percha a 4 m de altura. Al rededor de casa 3. To access original .WAV file contact marceloa27(at)gmail.com","yes","no",NA,NA,NA
"154114","Phaethornis","longirostris","","Long-billed Hermit","Marcelo Araya-Salas","Costa Rica","La Selva Biological Station, Sarapiqui, Heredia","10.430488","-84.00628","song","//www.xeno-canto.org/154114/download","//creativecommons.org/licenses/by-nc-sa/3.0/","//www.xeno-canto.org/154114","B","7:00","2010-05-20","","//www.xeno-canto.org/sounds/uploaded/EMCWQLLKEW/ffts/XC154114-small.png","//www.xeno-canto.org/sounds/uploaded/EMCWQLLKEW/ffts/XC154114-med.png","//www.xeno-canto.org/sounds/uploaded/EMCWQLLKEW/ffts/XC154114-large.png","//www.xeno-canto.org/sounds/uploaded/EMCWQLLKEW/ffts/XC154114-full.png","3:28","2013-11-11","","Recording equipment: Marantz Pmd 660+sennheiser ME67. Comments: individuo-R; lek-Sura. a 3 m de distancia, perchado a 2m de altura. Territorio cerca a la red 11 (10 m NO). To access original .WAV file contact marceloa27(at)gmail.com","yes","no",NA,NA,NA
"154108","Phaethornis","longirostris","","Long-billed Hermit","Marcelo Araya-Salas","Costa Rica","La Selva Biological Station, Sarapiqui, Heredia","10.430488","-84.00628","song","//www.xeno-canto.org/154108/download","//creativecommons.org/licenses/by-nc-sa/3.0/","//www.xeno-canto.org/154108","B","7:00","2010-05-20","","//www.xeno-canto.org/sounds/uploaded/EMCWQLLKEW/ffts/XC154108-small.png","//www.xeno-canto.org/sounds/uploaded/EMCWQLLKEW/ffts/XC154108-med.png","//www.xeno-canto.org/sounds/uploaded/EMCWQLLKEW/ffts/XC154108-large.png","//www.xeno-canto.org/sounds/uploaded/EMCWQLLKEW/ffts/XC154108-full.png","1:28","2013-11-11","","Recording equipment: Marantz Pmd 660+sennheiser ME67. Comments: individuo-CV; lek-Sura. Se penso que era C, luego se supo que era CV. Mejor usar grabacion PHAE0002 para analisis.. To access original .WAV file contact marceloa27(at)gmail.com","yes","no",NA,NA,NA
"154107","Phaethornis","longirostris","","Long-billed Hermit","Marcelo Araya-Salas","Costa Rica","La Selva Biological Station, Sarapiqui, Heredia","10.430488","-84.00628","song","//www.xeno-canto.org/154107/download","//creativecommons.org/licenses/by-nc-sa/3.0/","//www.xeno-canto.org/154107","B","7:00","2010-05-20","","//www.xeno-canto.org/sounds/uploaded/EMCWQLLKEW/ffts/XC154107-small.png","//www.xeno-canto.org/sounds/uploaded/EMCWQLLKEW/ffts/XC154107-med.png","//www.xeno-canto.org/sounds/uploaded/EMCWQLLKEW/ffts/XC154107-large.png","//www.xeno-canto.org/sounds/uploaded/EMCWQLLKEW/ffts/XC154107-full.png","3:05","2013-11-11","","Recording equipment: Marantz Pmd 660+sennheiser ME67. Comments: individuo-no marcado; lek-Sura. individuo no territorial, fue perseguido por macho del lek. Empezo cantando irregularmente. Canto y silvidos de persecucion. To access original .WAV file contact marceloa27(at)gmail.com","yes","no",NA,NA,NA
"154106","Phaethornis","longirostris","","Long-billed Hermit","Marcelo Araya-Salas","Costa Rica","La Selva Biological Station, Sarapiqui, Heredia","10.430488","-84.00628","song","//www.xeno-canto.org/154106/download","//creativecommons.org/licenses/by-nc-sa/3.0/","//www.xeno-canto.org/154106","B","15:06","2010-05-20","","//www.xeno-canto.org/sounds/uploaded/EMCWQLLKEW/ffts/XC154106-small.png","//www.xeno-canto.org/sounds/uploaded/EMCWQLLKEW/ffts/XC154106-med.png","//www.xeno-canto.org/sounds/uploaded/EMCWQLLKEW/ffts/XC154106-large.png","//www.xeno-canto.org/sounds/uploaded/EMCWQLLKEW/ffts/XC154106-full.png","2:09","2013-11-11","","Recording equipment: Marantz Pmd 660+sennheiser ME67. Comments: individuo-CV; lek-Sura. perchado a  2.2 m, a 8 metros de esquina norte casa 3. To access original .WAV file contact marceloa27(at)gmail.com","yes","no",NA,NA,NA
"154083","Phaethornis","longirostris","","Long-billed Hermit","Marcelo Araya-Salas","Costa Rica","La Selva Biological Station, Sarapiqui, Heredia","10.430488","-84.00628","song","//www.xeno-canto.org/154083/download","//creativecommons.org/licenses/by-nc-sa/3.0/","//www.xeno-canto.org/154083","B","5:35","2010-05-20","","//www.xeno-canto.org/sounds/uploaded/EMCWQLLKEW/ffts/XC154083-small.png","//www.xeno-canto.org/sounds/uploaded/EMCWQLLKEW/ffts/XC154083-med.png","//www.xeno-canto.org/sounds/uploaded/EMCWQLLKEW/ffts/XC154083-large.png","//www.xeno-canto.org/sounds/uploaded/EMCWQLLKEW/ffts/XC154083-full.png","4:51","2013-11-11","","Recording equipment: Marantz Pmd 660+sennheiser ME67. Comments: grabado en su territorio 100% confianza id. Dia nublado medio lluvioso, mucha actividad en el lek. To access original .WAV file contact marceloa27(at)gmail.com","yes","no",NA,NA,NA
"154081","Phaethornis","longirostris","","Long-billed Hermit","Marcelo Araya-Salas","Costa Rica","La Selva Biological Station, Sarapiqui, Heredia","10.430488","-84.00628","song","//www.xeno-canto.org/154081/download","//creativecommons.org/licenses/by-nc-sa/3.0/","//www.xeno-canto.org/154081","B","?","2010-05-28","","//www.xeno-canto.org/sounds/uploaded/EMCWQLLKEW/ffts/XC154081-small.png","//www.xeno-canto.org/sounds/uploaded/EMCWQLLKEW/ffts/XC154081-med.png","//www.xeno-canto.org/sounds/uploaded/EMCWQLLKEW/ffts/XC154081-large.png","//www.xeno-canto.org/sounds/uploaded/EMCWQLLKEW/ffts/XC154081-full.png","4:20","2013-11-11","","Recording equipment: Marantz Pmd 660+sennheiser ME67. Comments: individuo-VR; lek-CCL. grabacion al otro lado del rio en el punto 2VR. Grabado a 5m. Percha a 2m.. To access original .WAV file contact marceloa27(at)gmail.com","yes","no",NA,NA,NA
"154079","Phaethornis","longirostris","","Long-billed Hermit","Marcelo Araya-Salas","Costa Rica","La Selva Biological Station, Sarapiqui, Heredia","10.430488","-84.00628","song","//www.xeno-canto.org/154079/download","//creativecommons.org/licenses/by-nc-sa/3.0/","//www.xeno-canto.org/154079","B","7:48","2010-05-28","","//www.xeno-canto.org/sounds/uploaded/EMCWQLLKEW/ffts/XC154079-small.png","//www.xeno-canto.org/sounds/uploaded/EMCWQLLKEW/ffts/XC154079-med.png","//www.xeno-canto.org/sounds/uploaded/EMCWQLLKEW/ffts/XC154079-large.png","//www.xeno-canto.org/sounds/uploaded/EMCWQLLKEW/ffts/XC154079-full.png","3:54","2013-11-11","","Recording equipment: Marantz Pmd 660+sennheiser ME67. Comments: individuo-R; lek-CCL. grabado a 2.5 m de distancia, en percha marcada cerca de 1440-1020 a 5 m en direccion al rio, en borde de territorio con VA. To access original .WAV file contact marceloa27(at)gmail.com","yes","no",NA,NA,NA
"154078","Phaethornis","longirostris","","Long-billed Hermit","Marcelo Araya-Salas","Costa Rica","La Selva Biological Station, Sarapiqui, Heredia","10.430488","-84.00628","song","//www.xeno-canto.org/154078/download","//creativecommons.org/licenses/by-nc-sa/3.0/","//www.xeno-canto.org/154078","B","7:44","2010-05-28","","//www.xeno-canto.org/sounds/uploaded/EMCWQLLKEW/ffts/XC154078-small.png","//www.xeno-canto.org/sounds/uploaded/EMCWQLLKEW/ffts/XC154078-med.png","//www.xeno-canto.org/sounds/uploaded/EMCWQLLKEW/ffts/XC154078-large.png","//www.xeno-canto.org/sounds/uploaded/EMCWQLLKEW/ffts/XC154078-full.png","1:52","2013-11-11","","Recording equipment: Marantz Pmd 660+sennheiser ME67. Comments: individuo-VA; lek-CCL. perchado a 5 m. misma percha de grabacion 0029. a 5 m de 1440 1020 hacia la izq estando de frente al rio. Muchas interacciones agresivas. En percha 6VA. To access original .WAV file contact marceloa27(at)gmail.com","yes","no",NA,NA,NA
"154076","Phaethornis","longirostris","","Long-billed Hermit","Marcelo Araya-Salas","Costa Rica","La Selva Biological Station, Sarapiqui, Heredia","10.430488","-84.00628","song","//www.xeno-canto.org/154076/download","//creativecommons.org/licenses/by-nc-sa/3.0/","//www.xeno-canto.org/154076","B","7:40","2010-05-28","","//www.xeno-canto.org/sounds/uploaded/EMCWQLLKEW/ffts/XC154076-small.png","//www.xeno-canto.org/sounds/uploaded/EMCWQLLKEW/ffts/XC154076-med.png","//www.xeno-canto.org/sounds/uploaded/EMCWQLLKEW/ffts/XC154076-large.png","//www.xeno-canto.org/sounds/uploaded/EMCWQLLKEW/ffts/XC154076-full.png","1:38","2013-11-11","","Recording equipment: Marantz Pmd 660+sennheiser ME67. Comments: individuo-R; lek-CCL. no fue observado, pero estaba dentro de territorio de R. A 5 m de 1440 1020 en direccion contraria al rio. To access original .WAV file contact marceloa27(at)gmail.com","yes","no",NA,NA,NA
"154070","Phaethornis","longirostris","","Long-billed Hermit","Marcelo Araya-Salas","Costa Rica","La Selva Biological Station, Sarapiqui, Heredia","10.430488","-84.00628","song","//www.xeno-canto.org/154070/download","//creativecommons.org/licenses/by-nc-sa/3.0/","//www.xeno-canto.org/154070","B","9:22","2010-05-27","","//www.xeno-canto.org/sounds/uploaded/EMCWQLLKEW/ffts/XC154070-small.png","//www.xeno-canto.org/sounds/uploaded/EMCWQLLKEW/ffts/XC154070-med.png","//www.xeno-canto.org/sounds/uploaded/EMCWQLLKEW/ffts/XC154070-large.png","//www.xeno-canto.org/sounds/uploaded/EMCWQLLKEW/ffts/XC154070-full.png","1:09","2013-11-11","","Recording equipment: Marantz Pmd 660+sennheiser ME67. Comments: individuo-AR; lek-CCL. perchado a 50cm. . To access original .WAV file contact marceloa27(at)gmail.com","yes","no",NA,NA,NA
"154069","Phaethornis","longirostris","","Long-billed Hermit","Marcelo Araya-Salas","Costa Rica","La Selva Biological Station, Sarapiqui, Heredia","10.430488","-84.00628","song","//www.xeno-canto.org/154069/download","//creativecommons.org/licenses/by-nc-sa/3.0/","//www.xeno-canto.org/154069","B","8:59","2010-05-27","","//www.xeno-canto.org/sounds/uploaded/EMCWQLLKEW/ffts/XC154069-small.png","//www.xeno-canto.org/sounds/uploaded/EMCWQLLKEW/ffts/XC154069-med.png","//www.xeno-canto.org/sounds/uploaded/EMCWQLLKEW/ffts/XC154069-large.png","//www.xeno-canto.org/sounds/uploaded/EMCWQLLKEW/ffts/XC154069-full.png","3:46","2013-11-11","","Recording equipment: Marantz Pmd 660+sennheiser ME67. Comments: individuo-ZR; lek-CCL. 100% confianza de ident. Dialecto metalico, garganta de lata, tuvo interaccion agresiva con A perchado 1.5 m y 2 m de altura borde de rio grabado a 5m.. To access original .WAV file contact marceloa27(at)gmail.com","yes","no",NA,NA,NA
"154068","Phaethornis","longirostris","","Long-billed Hermit","Marcelo Araya-Salas","Costa Rica","La Selva Biological Station, Sarapiqui, Heredia","10.430488","-84.00628","song","//www.xeno-canto.org/154068/download","//creativecommons.org/licenses/by-nc-sa/3.0/","//www.xeno-canto.org/154068","B","8:35","2010-05-27","","//www.xeno-canto.org/sounds/uploaded/EMCWQLLKEW/ffts/XC154068-small.png","//www.xeno-canto.org/sounds/uploaded/EMCWQLLKEW/ffts/XC154068-med.png","//www.xeno-canto.org/sounds/uploaded/EMCWQLLKEW/ffts/XC154068-large.png","//www.xeno-canto.org/sounds/uploaded/EMCWQLLKEW/ffts/XC154068-full.png","2:01","2013-11-11","","Recording equipment: Marantz Pmd 660+sennheiser ME67. Comments: individuo-CZ; lek-CCL. en percha 3CZ auqn no observado, 50% confianza. To access original .WAV file contact marceloa27(at)gmail.com","yes","no",NA,NA,NA
"154067","Phaethornis","longirostris","","Long-billed Hermit","Marcelo Araya-Salas","Costa Rica","La Selva Biological Station, Sarapiqui, Heredia","10.430488","-84.00628","song","//www.xeno-canto.org/154067/download","//creativecommons.org/licenses/by-nc-sa/3.0/","//www.xeno-canto.org/154067","B","8:06","2010-05-27","","//www.xeno-canto.org/sounds/uploaded/EMCWQLLKEW/ffts/XC154067-small.png","//www.xeno-canto.org/sounds/uploaded/EMCWQLLKEW/ffts/XC154067-med.png","//www.xeno-canto.org/sounds/uploaded/EMCWQLLKEW/ffts/XC154067-large.png","//www.xeno-canto.org/sounds/uploaded/EMCWQLLKEW/ffts/XC154067-full.png","3:40","2013-11-11","","Recording equipment: Marantz Pmd 660+sennheiser ME67. Comments: individuo-A; lek-CCL. 100% ident. Al borde del rio. Interacciones con ZR de territorio aledaño. . To access original .WAV file contact marceloa27(at)gmail.com","yes","no",NA,NA,NA
"154066","Phaethornis","longirostris","","Long-billed Hermit","Marcelo Araya-Salas","Costa Rica","La Selva Biological Station, Sarapiqui, Heredia","10.430488","-84.00628","song","//www.xeno-canto.org/154066/download","//creativecommons.org/licenses/by-nc-sa/3.0/","//www.xeno-canto.org/154066","B","7:59","2010-05-27","","//www.xeno-canto.org/sounds/uploaded/EMCWQLLKEW/ffts/XC154066-small.png","//www.xeno-canto.org/sounds/uploaded/EMCWQLLKEW/ffts/XC154066-med.png","//www.xeno-canto.org/sounds/uploaded/EMCWQLLKEW/ffts/XC154066-large.png","//www.xeno-canto.org/sounds/uploaded/EMCWQLLKEW/ffts/XC154066-full.png","2:01","2013-11-11","","Recording equipment: Marantz Pmd 660+sennheiser ME67. Comments: individuo-UN; lek-CCL. no observado, cercano a territorio de A con dialecto diferente. Podria ser metalico ZR. Muchas interacciones agresivas en ese punto. . To access original .WAV file contact marceloa27(at)gmail.com","yes","no",NA,NA,NA
"154065","Phaethornis","longirostris","","Long-billed Hermit","Marcelo Araya-Salas","Costa Rica","La Selva Biological Station, Sarapiqui, Heredia","10.430488","-84.00628","song","//www.xeno-canto.org/154065/download","//creativecommons.org/licenses/by-nc-sa/3.0/","//www.xeno-canto.org/154065","B","7:37","2010-05-27","","//www.xeno-canto.org/sounds/uploaded/EMCWQLLKEW/ffts/XC154065-small.png","//www.xeno-canto.org/sounds/uploaded/EMCWQLLKEW/ffts/XC154065-med.png","//www.xeno-canto.org/sounds/uploaded/EMCWQLLKEW/ffts/XC154065-large.png","//www.xeno-canto.org/sounds/uploaded/EMCWQLLKEW/ffts/XC154065-full.png","3:43","2013-11-11","","Recording equipment: Marantz Pmd 660+sennheiser ME67. Comments: individuo-R; lek-CCL. al lado de 1440-1020. podria ser RC. EN limite de territorio con VA. To access original .WAV file contact marceloa27(at)gmail.com","yes","no",NA,NA,NA
"154064","Phaethornis","longirostris","","Long-billed Hermit","Marcelo Araya-Salas","Costa Rica","La Selva Biological Station, Sarapiqui, Heredia","10.430488","-84.00628","song","//www.xeno-canto.org/154064/download","//creativecommons.org/licenses/by-nc-sa/3.0/","//www.xeno-canto.org/154064","B","12:28","2010-05-26","","//www.xeno-canto.org/sounds/uploaded/EMCWQLLKEW/ffts/XC154064-small.png","//www.xeno-canto.org/sounds/uploaded/EMCWQLLKEW/ffts/XC154064-med.png","//www.xeno-canto.org/sounds/uploaded/EMCWQLLKEW/ffts/XC154064-large.png","//www.xeno-canto.org/sounds/uploaded/EMCWQLLKEW/ffts/XC154064-full.png","6:49","2013-11-11","","Recording equipment: Marantz Pmd 660+sennheiser ME67. Comments: individuo-VA; lek-CCL. en percha cerca de poste 1450-1000. Donde fue atrapado VA. Tarde lluviosa. To access original .WAV file contact marceloa27(at)gmail.com","yes","no",NA,NA,NA
"154063","Phaethornis","longirostris","","Long-billed Hermit","Marcelo Araya-Salas","Costa Rica","La Selva Biological Station, Sarapiqui, Heredia","10.430488","-84.00628","song","//www.xeno-canto.org/154063/download","//creativecommons.org/licenses/by-nc-sa/3.0/","//www.xeno-canto.org/154063","B","8:29","2010-05-26","","//www.xeno-canto.org/sounds/uploaded/EMCWQLLKEW/ffts/XC154063-small.png","//www.xeno-canto.org/sounds/uploaded/EMCWQLLKEW/ffts/XC154063-med.png","//www.xeno-canto.org/sounds/uploaded/EMCWQLLKEW/ffts/XC154063-large.png","//www.xeno-canto.org/sounds/uploaded/EMCWQLLKEW/ffts/XC154063-full.png","2:31","2013-11-11","","Recording equipment: Marantz Pmd 660+sennheiser ME67. Comments: individuo-CZ; lek-CCL. observado a 10 m de distancia, primera grabacion de CZ 100% confianza, despues pausa no estaba seguro si era el mismo, probablememte. Cerca de parche de heliconias cercano al rio, dia nublado.. To access original .WAV file contact marceloa27(at)gmail.com","yes","no",NA,NA,NA
"154062","Phaethornis","longirostris","","Long-billed Hermit","Marcelo Araya-Salas","Costa Rica","La Selva Biological Station, Sarapiqui, Heredia","10.430488","-84.00628","song","//www.xeno-canto.org/154062/download","//creativecommons.org/licenses/by-nc-sa/3.0/","//www.xeno-canto.org/154062","B","7:31","2010-05-26","","//www.xeno-canto.org/sounds/uploaded/EMCWQLLKEW/ffts/XC154062-small.png","//www.xeno-canto.org/sounds/uploaded/EMCWQLLKEW/ffts/XC154062-med.png","//www.xeno-canto.org/sounds/uploaded/EMCWQLLKEW/ffts/XC154062-large.png","//www.xeno-canto.org/sounds/uploaded/EMCWQLLKEW/ffts/XC154062-full.png","3:18","2013-11-11","","Recording equipment: Marantz Pmd 660+sennheiser ME67. Comments: individuo-NM; lek-CCL. perchado a 4m, en percha 3NM, baja actividad en lek. To access original .WAV file contact marceloa27(at)gmail.com","yes","no",NA,NA,NA
"154061","Phaethornis","longirostris","","Long-billed Hermit","Marcelo Araya-Salas","Costa Rica","La Selva Biological Station, Sarapiqui, Heredia","10.430488","-84.00628","song","//www.xeno-canto.org/154061/download","//creativecommons.org/licenses/by-nc-sa/3.0/","//www.xeno-canto.org/154061","B","14:44","2010-05-25","","//www.xeno-canto.org/sounds/uploaded/EMCWQLLKEW/ffts/XC154061-small.png","//www.xeno-canto.org/sounds/uploaded/EMCWQLLKEW/ffts/XC154061-med.png","//www.xeno-canto.org/sounds/uploaded/EMCWQLLKEW/ffts/XC154061-large.png","//www.xeno-canto.org/sounds/uploaded/EMCWQLLKEW/ffts/XC154061-full.png","4:20","2013-11-11","","Recording equipment: Marantz Pmd 660+sennheiser ME67. Comments: individuo-ARC; lek-CCL. perchado a 1.4m, percha 2RC. 100% confianza id. Dia nublado poca actividad en lek. To access original .WAV file contact marceloa27(at)gmail.com","yes","no",NA,NA,NA
"140627","Phaethornis","longirostris","","Long-billed Hermit","Fernand DEROUSSEN","Costa Rica","Colorado, Sarapiqui, Limon","10.5715","-83.5207","song","//www.xeno-canto.org/140627/download","//creativecommons.org/licenses/by-nc-nd/3.0/","//www.xeno-canto.org/140627","B","09:00","1997-11-24","20","//www.xeno-canto.org/sounds/uploaded/UXGZWVYDFE/ffts/XC140627-small.png","//www.xeno-canto.org/sounds/uploaded/UXGZWVYDFE/ffts/XC140627-med.png","//www.xeno-canto.org/sounds/uploaded/UXGZWVYDFE/ffts/XC140627-large.png","//www.xeno-canto.org/sounds/uploaded/UXGZWVYDFE/ffts/XC140627-full.png","0:15","2013-06-29","","Under the canopy","no","no",NA,NA,NA
"140617","Phaethornis","longirostris","","Long-billed Hermit","Fernand DEROUSSEN","Costa Rica","Colorado, Sarapiqui, Limon","10.5715","-83.5207","song","//www.xeno-canto.org/140617/download","//creativecommons.org/licenses/by-nc-nd/3.0/","//www.xeno-canto.org/140617","B","06:30","1997-11-25","20","//www.xeno-canto.org/sounds/uploaded/UXGZWVYDFE/ffts/XC140617-small.png","//www.xeno-canto.org/sounds/uploaded/UXGZWVYDFE/ffts/XC140617-med.png","//www.xeno-canto.org/sounds/uploaded/UXGZWVYDFE/ffts/XC140617-large.png","//www.xeno-canto.org/sounds/uploaded/UXGZWVYDFE/ffts/XC140617-full.png","0:37","2013-06-29","","","yes","no",NA,NA,NA
"140608","Phaethornis","longirostris","","Long-billed Hermit","Fernand DEROUSSEN","Costa Rica","Colorado, Sarapiqui, Limon","10.5715","-83.5207","song","//www.xeno-canto.org/140608/download","//creativecommons.org/licenses/by-nc-nd/3.0/","//www.xeno-canto.org/140608","B","07:00","1997-11-24","20","//www.xeno-canto.org/sounds/uploaded/UXGZWVYDFE/ffts/XC140608-small.png","//www.xeno-canto.org/sounds/uploaded/UXGZWVYDFE/ffts/XC140608-med.png","//www.xeno-canto.org/sounds/uploaded/UXGZWVYDFE/ffts/XC140608-large.png","//www.xeno-canto.org/sounds/uploaded/UXGZWVYDFE/ffts/XC140608-full.png","0:31","2013-06-29","","","yes","no",NA,NA,NA
"125964","Phaethornis","longirostris","","Long-billed Hermit","Mike Nelson","Guatemala","Tikal National Park, Peten","17.2226","-89.6237","call","//www.xeno-canto.org/125964/download","//creativecommons.org/licenses/by-nc-sa/3.0/","//www.xeno-canto.org/125964","B","13:00","2013-03-10","240","//www.xeno-canto.org/sounds/uploaded/PWDLINYMKL/ffts/XC125964-small.png","//www.xeno-canto.org/sounds/uploaded/PWDLINYMKL/ffts/XC125964-med.png","//www.xeno-canto.org/sounds/uploaded/PWDLINYMKL/ffts/XC125964-large.png","//www.xeno-canto.org/sounds/uploaded/PWDLINYMKL/ffts/XC125964-full.png","0:30","2013-03-20","","One of several birds seen here, this recording was made of two birds chasing each other around the flowers in the picture. img:http://www.flickr.com/photos/madbirder/8558557592/in/set-72157632998567644/","yes","no",NA,NA,NA
"46976","Phaethornis","longirostris","cephalus","Long-billed Hermit","Mike Nelson","Panama","Torti, San Francisco Nature Reserve, Panama","8.9389","-78.4651","song","//www.xeno-canto.org/46976/download","//creativecommons.org/licenses/by-nc-sa/3.0/","//www.xeno-canto.org/46976","B","4:30pm","2009-01-18","300","//www.xeno-canto.org/sounds/uploaded/PWDLINYMKL/ffts/XC46976-small.png","//www.xeno-canto.org/sounds/uploaded/PWDLINYMKL/ffts/XC46976-med.png","//www.xeno-canto.org/sounds/uploaded/PWDLINYMKL/ffts/XC46976-large.png","//www.xeno-canto.org/sounds/uploaded/PWDLINYMKL/ffts/XC46976-full.png","0:16","2010-04-16","","Several birds at a lek","yes","no",NA,NA,NA
"15543","Phaethornis","longirostris","","Long-billed Hermit","Don Jones","Costa Rica","La Selva, Sarapiqui, Heredia","10.4314","-84.039","300","//www.xeno-canto.org/15543/download","//creativecommons.org/licenses/by-nc-nd/2.5/","//www.xeno-canto.org/15543","B","?","1993-12-06","?","//www.xeno-canto.org/sounds/uploaded/BCWZQTGMSO/ffts/XC15543-small.png","//www.xeno-canto.org/sounds/uploaded/BCWZQTGMSO/ffts/XC15543-med.png","//www.xeno-canto.org/sounds/uploaded/BCWZQTGMSO/ffts/XC15543-large.png","//www.xeno-canto.org/sounds/uploaded/BCWZQTGMSO/ffts/XC15543-full.png","0:15","2008-11-20","","score for a single note","unknown","unknown",NA,NA,NA
"410599","Phaethornis","longirostris","","Long-billed Hermit","Kent Livezey","Panama","Pipeline Road, Soberania NP","9.1332","-79.7195","song, wing whirrs","//www.xeno-canto.org/410599/download","//creativecommons.org/licenses/by-nc-sa/4.0/","//www.xeno-canto.org/410599","C","06:44","2017-05-06","70","//www.xeno-canto.org/sounds/uploaded/SZFQBBYSTI/ffts/XC410599-small.png","//www.xeno-canto.org/sounds/uploaded/SZFQBBYSTI/ffts/XC410599-med.png","//www.xeno-canto.org/sounds/uploaded/SZFQBBYSTI/ffts/XC410599-large.png","//www.xeno-canto.org/sounds/uploaded/SZFQBBYSTI/ffts/XC410599-full.png","0:14","2018-04-12",NA,"Hermit hovered 1.5 m from my head, then called and zipped away. You may need headphones to hear the many wing whirrs.","yes","no","Trogon rufus","Poliocrania exsul",NA
"355346","Phaethornis","longirostris","","Long-billed Hermit","Kent Livezey","Panama","Torti, San Francisco Nature Reserve, Panama ","8.939","-78.465","song","//www.xeno-canto.org/355346/download","//creativecommons.org/licenses/by-nc-sa/4.0/","//www.xeno-canto.org/355346","C","17:24","2017-02-09","320","//www.xeno-canto.org/sounds/uploaded/SZFQBBYSTI/ffts/XC355346-small.png","//www.xeno-canto.org/sounds/uploaded/SZFQBBYSTI/ffts/XC355346-med.png","//www.xeno-canto.org/sounds/uploaded/SZFQBBYSTI/ffts/XC355346-large.png","//www.xeno-canto.org/sounds/uploaded/SZFQBBYSTI/ffts/XC355346-full.png","1:50","2017-02-11","","I was within 5 m of this singing hermit. Repetitive chips were punctuated with little falling phrases at 0:17 and 1:01.","yes","no",NA,NA,NA
"244815","Phaethornis","longirostris","","Long-billed Hermit","Oscar Humberto Marín Gómez","Colombia","Reserva Natural Cañon del Río Claro “ El Refugio”, Antioquia","5.8334","-74.8667","lek, song","//www.xeno-canto.org/244815/download","//creativecommons.org/licenses/by-nc-sa/3.0/","//www.xeno-canto.org/244815","C","09:35","2009-10-24","350","//www.xeno-canto.org/sounds/uploaded/CSUHASNRSU/ffts/XC244815-small.png","//www.xeno-canto.org/sounds/uploaded/CSUHASNRSU/ffts/XC244815-med.png","//www.xeno-canto.org/sounds/uploaded/CSUHASNRSU/ffts/XC244815-large.png","//www.xeno-canto.org/sounds/uploaded/CSUHASNRSU/ffts/XC244815-full.png","1:50","2015-05-23","","Borde de bosque..Reference:OHMAA_B_0127","no","no",NA,NA,NA
"244814","Phaethornis","longirostris","","Long-billed Hermit","Oscar Humberto Marín Gómez","Colombia","Reserva Natural Cañon del Río Claro “ El Refugio”, Antioquia","5.8334","-74.8667","lek, song","//www.xeno-canto.org/244814/download","//creativecommons.org/licenses/by-nc-sa/3.0/","//www.xeno-canto.org/244814","C","09:35","2009-10-24","350","//www.xeno-canto.org/sounds/uploaded/CSUHASNRSU/ffts/XC244814-small.png","//www.xeno-canto.org/sounds/uploaded/CSUHASNRSU/ffts/XC244814-med.png","//www.xeno-canto.org/sounds/uploaded/CSUHASNRSU/ffts/XC244814-large.png","//www.xeno-canto.org/sounds/uploaded/CSUHASNRSU/ffts/XC244814-full.png","2:09","2015-05-23","","Borde de bosque..Reference:OHMAA_A_2900","no","no",NA,NA,NA
"227583","Phaethornis","longirostris","","Long-billed Hermit","Peter Boesman","Mexico","Bonampak, Chiapas","16.7","-91.0833333333","song","//www.xeno-canto.org/227583/download","//creativecommons.org/licenses/by-nc-nd/4.0/","//www.xeno-canto.org/227583","C","07:30","2003-04-09","","//www.xeno-canto.org/sounds/uploaded/OOECIWCSWV/ffts/XC227583-small.png","//www.xeno-canto.org/sounds/uploaded/OOECIWCSWV/ffts/XC227583-med.png","//www.xeno-canto.org/sounds/uploaded/OOECIWCSWV/ffts/XC227583-large.png","//www.xeno-canto.org/sounds/uploaded/OOECIWCSWV/ffts/XC227583-full.png","0:34","2015-03-23","","ID certainty 100%. (Archiv. tape 162 side B track 40 seq. B)","unknown","unknown",NA,NA,NA
"154161","Phaethornis","longirostris","","Long-billed Hermit","Marcelo Araya-Salas","Costa Rica","La Selva Biological Station, Sarapiqui, Heredia","10.430488","-84.00628","song","//www.xeno-canto.org/154161/download","//creativecommons.org/licenses/by-nc-sa/3.0/","//www.xeno-canto.org/154161","C","9:19","2010-07-13","","//www.xeno-canto.org/sounds/uploaded/EMCWQLLKEW/ffts/XC154161-small.png","//www.xeno-canto.org/sounds/uploaded/EMCWQLLKEW/ffts/XC154161-med.png","//www.xeno-canto.org/sounds/uploaded/EMCWQLLKEW/ffts/XC154161-large.png","//www.xeno-canto.org/sounds/uploaded/EMCWQLLKEW/ffts/XC154161-full.png","2:10","2013-11-11","","Recording equipment: Marantz Pmd 660+sennheiser ME67. Comments: a 20 m de percha de PHAE044. mismo individuo. A 10 m del sendero SJ., Sendero Jaguar 800, La Selva . To access original .WAV file contact marceloa27(at)gmail.com","yes","no",NA,NA,NA
"154080","Phaethornis","longirostris","","Long-billed Hermit","Marcelo Araya-Salas","Costa Rica","La Selva Biological Station, Sarapiqui, Heredia","10.430488","-84.00628","song","//www.xeno-canto.org/154080/download","//creativecommons.org/licenses/by-nc-sa/3.0/","//www.xeno-canto.org/154080","C","9:09","2010-05-28","150","//www.xeno-canto.org/sounds/uploaded/EMCWQLLKEW/ffts/XC154080-small.png","//www.xeno-canto.org/sounds/uploaded/EMCWQLLKEW/ffts/XC154080-med.png","//www.xeno-canto.org/sounds/uploaded/EMCWQLLKEW/ffts/XC154080-large.png","//www.xeno-canto.org/sounds/uploaded/EMCWQLLKEW/ffts/XC154080-full.png","0:54","2013-11-11","","Recording equipment: Marantz Pmd 660+sennheiser ME67. Comments: individuo-UN; lek-CCL. grabacion de indiv al otro lado del rio. No se observó. Usar para confirmar identificacion de VR.. To access original .WAV file contact marceloa27(at)gmail.com","yes","no",NA,NA,NA
"10426","Phaethornis","longirostris","baroni","Long-billed Hermit","Wouter Halfwerk","Ecuador","Naranjal-Cuenca road, Guayas","-2.1167","-79.8334","song","//www.xeno-canto.org/10426/download","//creativecommons.org/licenses/by-nc-nd/2.5/","//www.xeno-canto.org/10426","C","9:00","2006-10-23","800","//www.xeno-canto.org/sounds/uploaded/DGHUWNTDBO/ffts/XC10426-small.png","//www.xeno-canto.org/sounds/uploaded/DGHUWNTDBO/ffts/XC10426-med.png","//www.xeno-canto.org/sounds/uploaded/DGHUWNTDBO/ffts/XC10426-large.png","//www.xeno-canto.org/sounds/uploaded/DGHUWNTDBO/ffts/XC10426-full.png","0:05","2008-11-20","","","unknown","unknown",NA,NA,NA
"154071","Phaethornis","longirostris","","Long-billed Hermit","Marcelo Araya-Salas","Costa Rica","La Selva Biological Station, Sarapiqui, Heredia","10.430488","-84.00628","song","//www.xeno-canto.org/154071/download","//creativecommons.org/licenses/by-nc-sa/3.0/","//www.xeno-canto.org/154071","D","9:28","2010-05-27","150","//www.xeno-canto.org/sounds/uploaded/EMCWQLLKEW/ffts/XC154071-small.png","//www.xeno-canto.org/sounds/uploaded/EMCWQLLKEW/ffts/XC154071-med.png","//www.xeno-canto.org/sounds/uploaded/EMCWQLLKEW/ffts/XC154071-large.png","//www.xeno-canto.org/sounds/uploaded/EMCWQLLKEW/ffts/XC154071-full.png","1:17","2013-11-11","","Recording equipment: Marantz Pmd 660+sennheiser ME67. Comments: individuo-CZ; lek-CCL. 2 m de altura percha, percha 5CZ. Dia nublado. To access original .WAV file contact marceloa27(at)gmail.com","yes","no",NA,NA,NA
